{
  "auc": {
    "all_1_folds": "0.7115247677056125",
    "avg": 0.7115247677056125,
    "std": 0.0
  },
  "f1": {
    "all_1_folds": "0.6795602605863192",
    "avg": 0.6795602605863192,
    "std": 0.0
  },
  "f1_false_cls": {
    "all_1_folds": "0.6456551103106708",
    "avg": 0.6456551103106708,
    "std": 0.0
  },
  "f1_macro": {
    "all_1_folds": "0.662607685448495",
    "avg": 0.662607685448495,
    "std": 0.0
  },
  "f1_micro": {
    "all_1_folds": "0.6634594825742998",
    "avg": 0.6634594825742998,
    "std": 0.0
  },
  "f1_mixed_cls": {
    "all_1_folds": "0.0",
    "avg": 0.0,
    "std": 0.0
  },
  "f1_true_cls": {
    "all_1_folds": "0.6795602605863192",
    "avg": 0.6795602605863192,
    "std": 0.0
  },
  "precision_false_cls": {
    "all_1_folds": "0.6786559394226218",
    "avg": 0.6786559394226218,
    "std": 0.0
  },
  "precision_mixed_cls": {
    "all_1_folds": "0.0",
    "avg": 0.0,
    "std": 0.0
  },
  "precision_true_cls": {
    "all_1_folds": "0.6509360374414976",
    "avg": 0.6509360374414976,
    "std": 0.0
  },
  "recall_false_cls": {
    "all_1_folds": "0.6157148990983254",
    "avg": 0.6157148990983254,
    "std": 0.0
  },
  "recall_mixed_cls": {
    "all_1_folds": "0.0",
    "avg": 0.0,
    "std": 0.0
  },
  "recall_true_cls": {
    "all_1_folds": "0.7108177172061328",
    "avg": 0.7108177172061328,
    "std": 0.0
  }
}