{
  "auc": {
    "all_5_folds": "0.7512444543249017 0.7563900560224088 0.7461581854964208 0.7558648459383753 0.7459053065670713",
    "avg": 0.7511125696698355,
    "std": 0.004519179063846843
  },
  "f1": {
    "all_5_folds": "0.7025411061285501 0.7327001356852103 0.7221438645980254 0.7388362652232748 0.698170731707317",
    "avg": 0.7188784206684755,
    "std": 0.016098041606499476
  },
  "f1_false_cls": {
    "all_5_folds": "0.678513731825525 0.6398537477148081 0.6573913043478261 0.6458715596330276 0.6847133757961783",
    "avg": 0.661268743863473,
    "std": 0.017650780468537106
  },
  "f1_macro": {
    "all_5_folds": "0.6905274189770376 0.6862769417000092 0.6897675844729257 0.6923539124281513 0.6914420537517476",
    "avg": 0.6900735822659743,
    "std": 0.0020874243388779292
  },
  "f1_micro": {
    "all_5_folds": "0.6909937888198758 0.6931464174454829 0.6931464174454829 0.6993769470404985 0.6915887850467289",
    "avg": 0.6936504711596138,
    "std": 0.0029869441571663178
  },
  "f1_mixed_cls": {
    "all_5_folds": "0.0 0.0 0.0 0.0 0.0",
    "avg": 0.0,
    "std": 0.0
  },
  "f1_true_cls": {
    "all_5_folds": "0.7025411061285501 0.7327001356852103 0.7221438645980254 0.7388362652232748 0.698170731707317",
    "avg": 0.7188784206684755,
    "std": 0.016098041606499476
  },
  "precision_false_cls": {
    "all_5_folds": "0.6730769230769231 0.7261410788381742 0.7026022304832714 0.7364016736401674 0.6677018633540373",
    "avg": 0.7011847538785146,
    "std": 0.02748167732566877
  },
  "precision_mixed_cls": {
    "all_5_folds": "0.0 0.0 0.0 0.0 0.0",
    "avg": 0.0,
    "std": 0.0
  },
  "precision_true_cls": {
    "all_5_folds": "0.7078313253012049 0.6733167082294265 0.6863270777479893 0.6774193548387096 0.715625",
    "avg": 0.692103893223466,
    "std": 0.016748493474723958
  },
  "recall_false_cls": {
    "all_5_folds": "0.6840390879478827 0.5718954248366013 0.6176470588235294 0.5751633986928104 0.7026143790849673",
    "avg": 0.6302718698771583,
    "std": 0.05427428703085074
  },
  "recall_mixed_cls": {
    "all_5_folds": "0.0 0.0 0.0 0.0 0.0",
    "avg": 0.0,
    "std": 0.0
  },
  "recall_true_cls": {
    "all_5_folds": "0.6973293768545994 0.8035714285714286 0.7619047619047619 0.8125 0.6815476190476191",
    "avg": 0.7513706372756818,
    "std": 0.05360671801753956
  }
}